<ImportExportXml version="9.2.25063.198" SolutionPackageVersion="9.2" languagecode="1033" generatedBy="CrmLive" xmlns:xsi="http://www.w3.org/2001/XMLSchema-instance" OrganizationVersion="9.2.25063.198" OrganizationSchemaType="Standard" CRMServerServiceabilityVersion="9.2.25071.00216">
  <SolutionManifest>
    <UniqueName>ParkingChallengeRS</UniqueName>
    <LocalizedNames>
      <LocalizedName description="Parking Challenge RS" languagecode="1033" />
    </LocalizedNames>
    <Descriptions>
      <Description description="This solution was created as part of the Power Up Challenge to address parking management issues at Contoso High School" languagecode="1033" />
    </Descriptions>
    <Version>1.0.0.1</Version>
    <Managed>1</Managed>
    <Publisher>
      <UniqueName>RumeysaSongurPublisher2</UniqueName>
      <LocalizedNames>
        <LocalizedName description="Rumeysa Songur Publisher" languagecode="1033" />
      </LocalizedNames>
      <Descriptions>
        <Description description="Published created by Rumeysa Songur for the Power Up Challenge" languagecode="1033" />
      </Descriptions>
      <EMailAddress xsi:nil="true"></EMailAddress>
      <SupportingWebsiteUrl xsi:nil="true"></SupportingWebsiteUrl>
      <CustomizationPrefix>rs</CustomizationPrefix>
      <CustomizationOptionValuePrefix>12625</CustomizationOptionValuePrefix>
      <Addresses>
        <Address>
          <AddressNumber>1</AddressNumber>
          <AddressTypeCode>1</AddressTypeCode>
          <City xsi:nil="true"></City>
          <County xsi:nil="true"></County>
          <Country xsi:nil="true"></Country>
          <Fax xsi:nil="true"></Fax>
          <FreightTermsCode xsi:nil="true"></FreightTermsCode>
          <ImportSequenceNumber xsi:nil="true"></ImportSequenceNumber>
          <Latitude xsi:nil="true"></Latitude>
          <Line1 xsi:nil="true"></Line1>
          <Line2 xsi:nil="true"></Line2>
          <Line3 xsi:nil="true"></Line3>
          <Longitude xsi:nil="true"></Longitude>
          <Name xsi:nil="true"></Name>
          <PostalCode xsi:nil="true"></PostalCode>
          <PostOfficeBox xsi:nil="true"></PostOfficeBox>
          <PrimaryContactName xsi:nil="true"></PrimaryContactName>
          <ShippingMethodCode>1</ShippingMethodCode>
          <StateOrProvince xsi:nil="true"></StateOrProvince>
          <Telephone1 xsi:nil="true"></Telephone1>
          <Telephone2 xsi:nil="true"></Telephone2>
          <Telephone3 xsi:nil="true"></Telephone3>
          <TimeZoneRuleVersionNumber xsi:nil="true"></TimeZoneRuleVersionNumber>
          <UPSZone xsi:nil="true"></UPSZone>
          <UTCOffset xsi:nil="true"></UTCOffset>
          <UTCConversionTimeZoneCode xsi:nil="true"></UTCConversionTimeZoneCode>
        </Address>
        <Address>
          <AddressNumber>2</AddressNumber>
          <AddressTypeCode>1</AddressTypeCode>
          <City xsi:nil="true"></City>
          <County xsi:nil="true"></County>
          <Country xsi:nil="true"></Country>
          <Fax xsi:nil="true"></Fax>
          <FreightTermsCode xsi:nil="true"></FreightTermsCode>
          <ImportSequenceNumber xsi:nil="true"></ImportSequenceNumber>
          <Latitude xsi:nil="true"></Latitude>
          <Line1 xsi:nil="true"></Line1>
          <Line2 xsi:nil="true"></Line2>
          <Line3 xsi:nil="true"></Line3>
          <Longitude xsi:nil="true"></Longitude>
          <Name xsi:nil="true"></Name>
          <PostalCode xsi:nil="true"></PostalCode>
          <PostOfficeBox xsi:nil="true"></PostOfficeBox>
          <PrimaryContactName xsi:nil="true"></PrimaryContactName>
          <ShippingMethodCode>1</ShippingMethodCode>
          <StateOrProvince xsi:nil="true"></StateOrProvince>
          <Telephone1 xsi:nil="true"></Telephone1>
          <Telephone2 xsi:nil="true"></Telephone2>
          <Telephone3 xsi:nil="true"></Telephone3>
          <TimeZoneRuleVersionNumber xsi:nil="true"></TimeZoneRuleVersionNumber>
          <UPSZone xsi:nil="true"></UPSZone>
          <UTCOffset xsi:nil="true"></UTCOffset>
          <UTCConversionTimeZoneCode xsi:nil="true"></UTCConversionTimeZoneCode>
        </Address>
      </Addresses>
    </Publisher>
    <RootComponents>
      <RootComponent type="1" schemaName="rs_parkinginspection" behavior="0" />
      <RootComponent type="1" schemaName="rs_parkingrequests" behavior="0" />
      <RootComponent type="1" schemaName="rs_wehicle" behavior="0" />
      <RootComponent type="29" id="{0fd94dc9-0575-f011-b4cb-6045bd05b173}" behavior="0" />
      <RootComponent type="62" schemaName="rs_ParkingChallengeRS" behavior="0" />
      <RootComponent type="80" schemaName="rs_ParkingChallengeRS" behavior="0" />
      <RootComponent type="300" schemaName="rs_activeparkinginspectionstoday_dbd1e" behavior="0" />
      <RootComponent type="431" schemaName="rs_wehicle rs_vehicleimage" behavior="0" />
      <RootComponent type="432" schemaName="rs_wehicle" behavior="0" />
    </RootComponents>
    <MissingDependencies>
      <MissingDependency>
        <Required type="61" schemaName="msdyn_/Images/AppModule_Default_Icon.png" displayName="msdyn_/Images/AppModule_Default_Icon.png" solution="AppModuleWebResources (2.5)">
          <package appName="AppModule Web Resources Package" version="2.5">AppModuleWebResources (2.5)</package>
        </Required>
        <Dependent type="80" schemaName="rs_ParkingChallengeRS" displayName="Parking Challenge RS" />
      </MissingDependency>
      <MissingDependency>
        <Required type="connectionreference" displayName="pu_sharedcommondataserviceforapps_d50b4" solution="Active" id.connectionreferencelogicalname="pu_sharedcommondataserviceforapps_d50b4" />
        <Dependent type="29" displayName="Parking Request Notification" id="{0fd94dc9-0575-f011-b4cb-6045bd05b173}" />
      </MissingDependency>
      <MissingDependency>
        <Required type="connectionreference" displayName="pu_sharedoutlook_e1946" solution="Active" id.connectionreferencelogicalname="pu_sharedoutlook_e1946" />
        <Dependent type="29" displayName="Parking Request Notification" id="{0fd94dc9-0575-f011-b4cb-6045bd05b173}" />
      </MissingDependency>
      <MissingDependency>
        <Required type="SettingDefinition" displayName="AppChannel" solution="msdyn_AppFrameworkInfraExtensions (1.0.0.15)" id.uniquename="AppChannel">
          <package appName="PowerAppsAppFramework Package" version="1.0.0.21">PowerAppsAppFramework_Anchor (1.0.0.21)</package>
        </Required>
        <Dependent type="AppSetting" displayName="parentappmoduleid.uniquename=rs_ParkingChallengeRS,settingdefinitionid.uniquename=AppChannel" id.parentappmoduleid.uniquename="rs_ParkingChallengeRS" id.settingdefinitionid.uniquename="AppChannel" />
      </MissingDependency>
    </MissingDependencies>
  </SolutionManifest>
</ImportExportXml>