{"schemaVersion":"1.0","appDefinitionTemplate":{"id":"/providers/Microsoft.PowerApps/apps/","type":"Microsoft.PowerApps/apps","tags":{"primaryDeviceWidth":"1366","primaryDeviceHeight":"768","supportsPortrait":"true","supportsLandscape":"true","primaryFormFactor":"Tablet","showStatusBar":"false","publisherVersion":"3.25073.12","minimumRequiredApiVersion":"2.2.0","hasComponent":"false","hasUnlockedComponent":"false","isUnifiedRootApp":"false","sienaVersion":"20250809T215659Z-3.25073.12.0"},"properties":{"appVersion":"2025-08-09T21:56:59Z","lifeCycleId":"Published","createdByClientVersion":{"major":3,"minor":25073,"build":12,"revision":0,"majorRevision":0,"minorRevision":0},"minClientVersion":{"major":3,"minor":25073,"build":12,"revision":0,"majorRevision":0,"minorRevision":0},"backgroundColor":"RGBA(0,176,240,1)","backgroundImageUri":"/858997752985672490/N9862a07b-e8fe-427d-9a15-6efc8ba20957-logoSmallFile","displayName":"Active Parking Inspections Today","description":"","commitMessage":"","appUris":{"documentUri":{"value":"/858997752985672490/Ne4b1a9d5-58e5-4bfb-bef9-49a9c764f62d-document.msapp"},"imageUris":[],"additionalUris":[{"isSolutionAware":false,"value":"/858997752985672490/Nfe8f8ccd-d22a-4c2a-97c4-6bb2fa99583c-identity.json"}]},"createdTime":"0001-01-01T00:00:00Z","lastModifiedTime":"0001-01-01T00:00:00Z","sharedGroupsCount":0,"sharedUsersCount":0,"connectionReferences":{},"authorizationReferences":[{"resourceId":"https://orga4a5dc07.crm.dynamics.com/"}],"databaseReferences":{"default.cds":{"databaseDetails":{"referenceType":"Environmental","environmentName":"default.cds","overrideValues":{"status":"NotSpecified","environmentVariableName":""}},"dataSources":{"Parking Inspections":{"entitySetName":"rs_parkinginspections","logicalName":"rs_parkinginspection","isHidden":false},"Wehicles":{"entitySetName":"rs_wehicles","logicalName":"rs_wehicle","isHidden":false},"Parking Requests":{"entitySetName":"rs_parkingrequestses","logicalName":"rs_parkingrequests","isHidden":false}},"actions":["providers/PowerPlatform.Governance/Operations/Read","providers/PowerPlatform.Governance/Operations/Write"]},"81949670-f2fe-ec01-af8f-8cf7e4cf821c":{"databaseDetails":{"referenceType":"Environmental","environmentName":"81949670-f2fe-ec01-af8f-8cf7e4cf821c","overrideValues":{"status":"NotSpecified","environmentVariableName":""}},"dataSources":{"Wehicles_1":{"entitySetName":"rs_wehicles","logicalName":"rs_wehicle","isHidden":false}}}},"almMode":"Solution","performanceOptimizationEnabled":true,"canConsumeAppPass":true,"enableModernRuntimeMode":false,"executionRestrictions":{"isTeamsOnly":false,"dataLossPreventionEvaluationResult":{"status":"Compliant","lastEvaluationDate":"2025-08-06T09:35:40.813517Z","violations":[],"violationsByPolicy":[],"violationErrorMessage":"Uygulama şu bağlayıcıları kullanıyor: ."}}},"isAppComponentLibrary":false,"appType":"ClassicCanvasApp","appComponents":[]}}